date_key,date,day_of_week,day_number_in_week,is_weekend,week_number,month_name,quarter,year,sprint_name
20260101,2026-01-01,Thursday,4,False,1,January,Q1,2026,Sprint 2026-S01
20260102,2026-01-02,Friday,5,False,1,January,Q1,2026,Sprint 2026-S01
20260103,2026-01-03,Saturday,6,True,1,January,Q1,2026,Sprint 2026-S01
20260104,2026-01-04,Sunday,7,True,1,January,Q1,2026,Sprint 2026-S01
20260105,2026-01-05,Monday,1,False,2,January,Q1,2026,Sprint 2026-S01
20260106,2026-01-06,Tuesday,2,False,2,January,Q1,2026,Sprint 2026-S01
20260107,2026-01-07,Wednesday,3,False,2,January,Q1,2026,Sprint 2026-S01
20260108,2026-01-08,Thursday,4,False,2,January,Q1,2026,Sprint 2026-S01
20260109,2026-01-09,Friday,5,False,2,January,Q1,2026,Sprint 2026-S01
20260110,2026-01-10,Saturday,6,True,2,January,Q1,2026,Sprint 2026-S01
20260111,2026-01-11,Sunday,7,True,2,January,Q1,2026,Sprint 2026-S01
20260112,2026-01-12,Monday,1,False,3,January,Q1,2026,Sprint 2026-S01
20260113,2026-01-13,Tuesday,2,False,3,January,Q1,2026,Sprint 2026-S01
20260114,2026-01-14,Wednesday,3,False,3,January,Q1,2026,Sprint 2026-S01
20260115,2026-01-15,Thursday,4,False,3,January,Q1,2026,Sprint 2026-S02
20260116,2026-01-16,Friday,5,False,3,January,Q1,2026,Sprint 2026-S02
20260117,2026-01-17,Saturday,6,True,3,January,Q1,2026,Sprint 2026-S02
20260118,2026-01-18,Sunday,7,True,3,January,Q1,2026,Sprint 2026-S02
20260119,2026-01-19,Monday,1,False,4,January,Q1,2026,Sprint 2026-S02
20260120,2026-01-20,Tuesday,2,False,4,January,Q1,2026,Sprint 2026-S02
20260121,2026-01-21,Wednesday,3,False,4,January,Q1,2026,Sprint 2026-S02
20260122,2026-01-22,Thursday,4,False,4,January,Q1,2026,Sprint 2026-S02
20260123,2026-01-23,Friday,5,False,4,January,Q1,2026,Sprint 2026-S02
20260124,2026-01-24,Saturday,6,True,4,January,Q1,2026,Sprint 2026-S02
20260125,2026-01-25,Sunday,7,True,4,January,Q1,2026,Sprint 2026-S02
20260126,2026-01-26,Monday,1,False,5,January,Q1,2026,Sprint 2026-S02
20260127,2026-01-27,Tuesday,2,False,5,January,Q1,2026,Sprint 2026-S02
20260128,2026-01-28,Wednesday,3,False,5,January,Q1,2026,Sprint 2026-S02
20260129,2026-01-29,Thursday,4,False,5,January,Q1,2026,Sprint 2026-S03
20260130,2026-01-30,Friday,5,False,5,January,Q1,2026,Sprint 2026-S03
20260131,2026-01-31,Saturday,6,True,5,January,Q1,2026,Sprint 2026-S03
20260201,2026-02-01,Sunday,7,True,5,February,Q1,2026,Sprint 2026-S03
20260202,2026-02-02,Monday,1,False,6,February,Q1,2026,Sprint 2026-S03
20260203,2026-02-03,Tuesday,2,False,6,February,Q1,2026,Sprint 2026-S03
20260204,2026-02-04,Wednesday,3,False,6,February,Q1,2026,Sprint 2026-S03
20260205,2026-02-05,Thursday,4,False,6,February,Q1,2026,Sprint 2026-S03
20260206,2026-02-06,Friday,5,False,6,February,Q1,2026,Sprint 2026-S03
20260207,2026-02-07,Saturday,6,True,6,February,Q1,2026,Sprint 2026-S03
20260208,2026-02-08,Sunday,7,True,6,February,Q1,2026,Sprint 2026-S03
20260209,2026-02-09,Monday,1,False,7,February,Q1,2026,Sprint 2026-S03
20260210,2026-02-10,Tuesday,2,False,7,February,Q1,2026,Sprint 2026-S03
20260211,2026-02-11,Wednesday,3,False,7,February,Q1,2026,Sprint 2026-S03
20260212,2026-02-12,Thursday,4,False,7,February,Q1,2026,Sprint 2026-S04
20260213,2026-02-13,Friday,5,False,7,February,Q1,2026,Sprint 2026-S04
20260214,2026-02-14,Saturday,6,True,7,February,Q1,2026,Sprint 2026-S04
20260215,2026-02-15,Sunday,7,True,7,February,Q1,2026,Sprint 2026-S04
20260216,2026-02-16,Monday,1,False,8,February,Q1,2026,Sprint 2026-S04
20260217,2026-02-17,Tuesday,2,False,8,February,Q1,2026,Sprint 2026-S04
20260218,2026-02-18,Wednesday,3,False,8,February,Q1,2026,Sprint 2026-S04
20260219,2026-02-19,Thursday,4,False,8,February,Q1,2026,Sprint 2026-S04
20260220,2026-02-20,Friday,5,False,8,February,Q1,2026,Sprint 2026-S04
20260221,2026-02-21,Saturday,6,True,8,February,Q1,2026,Sprint 2026-S04
20260222,2026-02-22,Sunday,7,True,8,February,Q1,2026,Sprint 2026-S04
20260223,2026-02-23,Monday,1,False,9,February,Q1,2026,Sprint 2026-S04
20260224,2026-02-24,Tuesday,2,False,9,February,Q1,2026,Sprint 2026-S04
20260225,2026-02-25,Wednesday,3,False,9,February,Q1,2026,Sprint 2026-S04
20260226,2026-02-26,Thursday,4,False,9,February,Q1,2026,Sprint 2026-S05
20260227,2026-02-27,Friday,5,False,9,February,Q1,2026,Sprint 2026-S05
20260228,2026-02-28,Saturday,6,True,9,February,Q1,2026,Sprint 2026-S05
20260301,2026-03-01,Sunday,7,True,9,March,Q1,2026,Sprint 2026-S05
20260302,2026-03-02,Monday,1,False,10,March,Q1,2026,Sprint 2026-S05
20260303,2026-03-03,Tuesday,2,False,10,March,Q1,2026,Sprint 2026-S05
20260304,2026-03-04,Wednesday,3,False,10,March,Q1,2026,Sprint 2026-S05
20260305,2026-03-05,Thursday,4,False,10,March,Q1,2026,Sprint 2026-S05
20260306,2026-03-06,Friday,5,False,10,March,Q1,2026,Sprint 2026-S05
20260307,2026-03-07,Saturday,6,True,10,March,Q1,2026,Sprint 2026-S05
20260308,2026-03-08,Sunday,7,True,10,March,Q1,2026,Sprint 2026-S05
20260309,2026-03-09,Monday,1,False,11,March,Q1,2026,Sprint 2026-S05
20260310,2026-03-10,Tuesday,2,False,11,March,Q1,2026,Sprint 2026-S05
20260311,2026-03-11,Wednesday,3,False,11,March,Q1,2026,Sprint 2026-S05
20260312,2026-03-12,Thursday,4,False,11,March,Q1,2026,Sprint 2026-S06
20260313,2026-03-13,Friday,5,False,11,March,Q1,2026,Sprint 2026-S06
20260314,2026-03-14,Saturday,6,True,11,March,Q1,2026,Sprint 2026-S06
20260315,2026-03-15,Sunday,7,True,11,March,Q1,2026,Sprint 2026-S06
20260316,2026-03-16,Monday,1,False,12,March,Q1,2026,Sprint 2026-S06
20260317,2026-03-17,Tuesday,2,False,12,March,Q1,2026,Sprint 2026-S06
20260318,2026-03-18,Wednesday,3,False,12,March,Q1,2026,Sprint 2026-S06
20260319,2026-03-19,Thursday,4,False,12,March,Q1,2026,Sprint 2026-S06
20260320,2026-03-20,Friday,5,False,12,March,Q1,2026,Sprint 2026-S06
20260321,2026-03-21,Saturday,6,True,12,March,Q1,2026,Sprint 2026-S06
20260322,2026-03-22,Sunday,7,True,12,March,Q1,2026,Sprint 2026-S06
20260323,2026-03-23,Monday,1,False,13,March,Q1,2026,Sprint 2026-S06
20260324,2026-03-24,Tuesday,2,False,13,March,Q1,2026,Sprint 2026-S06
20260325,2026-03-25,Wednesday,3,False,13,March,Q1,2026,Sprint 2026-S06
20260326,2026-03-26,Thursday,4,False,13,March,Q1,2026,Sprint 2026-S07
20260327,2026-03-27,Friday,5,False,13,March,Q1,2026,Sprint 2026-S07
20260328,2026-03-28,Saturday,6,True,13,March,Q1,2026,Sprint 2026-S07
20260329,2026-03-29,Sunday,7,True,13,March,Q1,2026,Sprint 2026-S07
20260330,2026-03-30,Monday,1,False,14,March,Q1,2026,Sprint 2026-S07
20260331,2026-03-31,Tuesday,2,False,14,March,Q1,2026,Sprint 2026-S07
